"name","mean1","mean2","sd1","sd2","NA","NA"
"RF",0.982,0.999444444444444,0.985222222222222,0.0127279220613579,0.00072648315725678,0.0117662417298152
