"name","mean1","mean2","sd1","sd2","NA","NA"
"RF",0.982222222222222,0.999777777777778,0.985111111111111,0.00533333333333334,0.000440958551844099,0.00464877522699379
